{"info":{"year":"2022","version":"2","description":"Exported from roboflow.ai","contributor":"","url":"https://public.roboflow.ai/object-detection/undefined","date_created":"2022-10-22T16:31:19+00:00"},"licenses":[{"id":1,"url":"https://creativecommons.org/licenses/by/4.0/","name":"CC BY 4.0"}],"categories":[{"id":0,"name":"lung","supercategory":"none"},{"id":1,"name":"nodule","supercategory":"lung"}],"images":[{"id":0,"license":1,"file_name":"000103_12_02_161_png.rf.dd4b60d43febdd33257f0ae66769fd29.jpg","height":416,"width":416,"date_captured":"2022-10-22T16:31:19+00:00"},{"id":1,"license":1,"file_name":"001083_09_01_093_png.rf.c9b0b4e2e07031f2c7f6e8bfa6420d9b.jpg","height":416,"width":416,"date_captured":"2022-10-22T16:31:19+00:00"},{"id":2,"license":1,"file_name":"000284_01_02_105_png.rf.e1369dc33b3a9a28d2017976c902e352.jpg","height":416,"width":416,"date_captured":"2022-10-22T16:31:19+00:00"},{"id":3,"license":1,"file_name":"000143_04_02_083_png.rf.e3461b7ea55ca65cf7ff9a44787530b8.jpg","height":416,"width":416,"date_captured":"2022-10-22T16:31:19+00:00"},{"id":4,"license":1,"file_name":"000185_02_04_174_png.rf.e345858bfaeee3a6c9ddf3b0f7e9670f.jpg","height":416,"width":416,"date_captured":"2022-10-22T16:31:19+00:00"},{"id":5,"license":1,"file_name":"000188_03_01_146_png.rf.d19df08614c5928c646eb23e18ecacf4.jpg","height":416,"width":416,"date_captured":"2022-10-22T16:31:19+00:00"},{"id":6,"license":1,"file_name":"000020_03_01_212_png.rf.d1859ffa95d657e6827b04a7ae36a659.jpg","height":416,"width":416,"date_captured":"2022-10-22T16:31:19+00:00"},{"id":7,"license":1,"file_name":"000021_03_01_017_png.rf.d35a4a06831c37d9c9862cedc8b11344.jpg","height":416,"width":416,"date_captured":"2022-10-22T16:31:19+00:00"},{"id":8,"license":1,"file_name":"000569_08_01_020_png.rf.ce3b26372cc9a79c0c21c719887b420d.jpg","height":416,"width":416,"date_captured":"2022-10-22T16:31:19+00:00"},{"id":9,"license":1,"file_name":"000266_04_02_150_png.rf.e455dadfc9c54748bb7afb3a263c7b20.jpg","height":416,"width":416,"date_captured":"2022-10-22T16:31:19+00:00"},{"id":10,"license":1,"file_name":"000315_04_03_145_png.rf.d5c6cde0e89b5a8e94357ecfa357f856.jpg","height":416,"width":416,"date_captured":"2022-10-22T16:31:19+00:00"},{"id":11,"license":1,"file_name":"000266_04_01_030_png.rf.cd6241570db077e1b709b41707e0d333.jpg","height":416,"width":416,"date_captured":"2022-10-22T16:31:19+00:00"},{"id":12,"license":1,"file_name":"000569_08_01_020_png.rf.cc16c014dc446d424547fb22a54d50ff.jpg","height":416,"width":416,"date_captured":"2022-10-22T16:31:19+00:00"},{"id":13,"license":1,"file_name":"000266_04_01_030_png.rf.d4ace8d7911e34ca9819770933544a34.jpg","height":416,"width":416,"date_captured":"2022-10-22T16:31:19+00:00"},{"id":14,"license":1,"file_name":"000266_03_02_138_png.rf.e47c3a359907eb6a35bdee77b122ba91.jpg","height":416,"width":416,"date_captured":"2022-10-22T16:31:19+00:00"},{"id":15,"license":1,"file_name":"000103_01_01_173_png.rf.cd558b9aec736dbf4db1e05c9abf4b2f.jpg","height":416,"width":416,"date_captured":"2022-10-22T16:31:19+00:00"},{"id":16,"license":1,"file_name":"000103_09_02_169_png.rf.c937a62bfe7a7bcf889559fc63e51c7c.jpg","height":416,"width":416,"date_captured":"2022-10-22T16:31:19+00:00"},{"id":17,"license":1,"file_name":"000020_03_01_212_png.rf.d343c9e5f8947e1db9b5c8566ed2b5b1.jpg","height":416,"width":416,"date_captured":"2022-10-22T16:31:19+00:00"},{"id":18,"license":1,"file_name":"000054_03_01_033_png.rf.e676b85857872dba7462adec80e2eb6a.jpg","height":416,"width":416,"date_captured":"2022-10-22T16:31:19+00:00"},{"id":19,"license":1,"file_name":"000143_04_02_126_png.rf.e406b6c39543fc7f08fd03944a04cf36.jpg","height":416,"width":416,"date_captured":"2022-10-22T16:31:19+00:00"},{"id":20,"license":1,"file_name":"000283_13_02_106_png.rf.e196f2ab1b089da7bdb20e3540ce2412.jpg","height":416,"width":416,"date_captured":"2022-10-22T16:31:19+00:00"},{"id":21,"license":1,"file_name":"003380_03_01_140_png.rf.d4bef7895d54b874a4563f62364ebad2.jpg","height":416,"width":416,"date_captured":"2022-10-22T16:31:19+00:00"},{"id":22,"license":1,"file_name":"000103_11_01_177_png.rf.ce0b0c6e0ad1aab31beed3bbc92fa8d6.jpg","height":416,"width":416,"date_captured":"2022-10-22T16:31:19+00:00"},{"id":23,"license":1,"file_name":"000328_08_03_167_png.rf.dc70da5ee269cc347085cdd3f27f33ff.jpg","height":416,"width":416,"date_captured":"2022-10-22T16:31:19+00:00"},{"id":24,"license":1,"file_name":"000223_07_01_106_png.rf.d0b86c246c11893d42a45ef22c311d24.jpg","height":416,"width":416,"date_captured":"2022-10-22T16:31:19+00:00"},{"id":25,"license":1,"file_name":"000223_09_02_132_png.rf.e711a7f76f8911af59cde3ee16fab9e2.jpg","height":416,"width":416,"date_captured":"2022-10-22T16:31:19+00:00"},{"id":26,"license":1,"file_name":"000020_01_01_066_png.rf.e7ee7031311561a75982a477848fad56.jpg","height":416,"width":416,"date_captured":"2022-10-22T16:31:19+00:00"},{"id":27,"license":1,"file_name":"000143_05_01_136_png.rf.ec4a7b76de6ee7846e2502806be5c9f9.jpg","height":416,"width":416,"date_captured":"2022-10-22T16:31:19+00:00"},{"id":28,"license":1,"file_name":"000223_07_01_107_png.rf.e70a4cb49075541fbc04e899b9208c7b.jpg","height":416,"width":416,"date_captured":"2022-10-22T16:31:19+00:00"},{"id":29,"license":1,"file_name":"000223_07_01_133_png.rf.dd58bfdf3a3b997588b5f0965f511324.jpg","height":416,"width":416,"date_captured":"2022-10-22T16:31:19+00:00"},{"id":30,"license":1,"file_name":"000020_01_01_066_png.rf.e73931fb47300226b09ca025f2b2836c.jpg","height":416,"width":416,"date_captured":"2022-10-22T16:31:19+00:00"},{"id":31,"license":1,"file_name":"003311_02_01_028_png.rf.eec7a340f67b9c37fecbc83f6beb573b.jpg","height":416,"width":416,"date_captured":"2022-10-22T16:31:19+00:00"},{"id":32,"license":1,"file_name":"000063_03_01_144_png.rf.e9123d7e88e485fccb0b5297f8dad8f0.jpg","height":416,"width":416,"date_captured":"2022-10-22T16:31:19+00:00"},{"id":33,"license":1,"file_name":"000306_06_02_126_png.rf.f8412bd09d6ba060a31684464ba09aac.jpg","height":416,"width":416,"date_captured":"2022-10-22T16:31:19+00:00"},{"id":34,"license":1,"file_name":"000103_03_01_082_png.rf.ef30f9d8e4298bdb98893801f2d4a510.jpg","height":416,"width":416,"date_captured":"2022-10-22T16:31:19+00:00"},{"id":35,"license":1,"file_name":"000105_03_01_162_png.rf.eaf1b01f61225f225ae4b75e46853c4b.jpg","height":416,"width":416,"date_captured":"2022-10-22T16:31:19+00:00"},{"id":36,"license":1,"file_name":"000103_04_02_175_png.rf.eee9a482ba75d2b425cf03952e4d218e.jpg","height":416,"width":416,"date_captured":"2022-10-22T16:31:19+00:00"},{"id":37,"license":1,"file_name":"000020_03_01_134_png.rf.f2d5dc0bf0bd7ea9584c35ef1f7101c6.jpg","height":416,"width":416,"date_captured":"2022-10-22T16:31:19+00:00"},{"id":38,"license":1,"file_name":"002265_02_01_031_png.rf.eff589d29c5b5b6cfa485a48b275fed8.jpg","height":416,"width":416,"date_captured":"2022-10-22T16:31:19+00:00"},{"id":39,"license":1,"file_name":"000103_02_01_060_png.rf.f2dd3384f92c24fc15fe8e45b9fba818.jpg","height":416,"width":416,"date_captured":"2022-10-22T16:31:19+00:00"},{"id":40,"license":1,"file_name":"000021_02_01_068_png.rf.eee7ad0b2748eee71cf52fc45ea71d15.jpg","height":416,"width":416,"date_captured":"2022-10-22T16:31:19+00:00"},{"id":41,"license":1,"file_name":"000058_08_01_035_png.rf.fae1446cee7252e1b99dea94a4400516.jpg","height":416,"width":416,"date_captured":"2022-10-22T16:31:19+00:00"},{"id":42,"license":1,"file_name":"000103_12_01_105_png.rf.f3a88fcb1438190716a0e37ebd27fec2.jpg","height":416,"width":416,"date_captured":"2022-10-22T16:31:19+00:00"},{"id":43,"license":1,"file_name":"001797_01_02_221_png.rf.f1daa76b5ceb08a8829e40610a0b2e2d.jpg","height":416,"width":416,"date_captured":"2022-10-22T16:31:19+00:00"},{"id":44,"license":1,"file_name":"000027_01_01_113_png.rf.f10def92aef42b5ef1a6df482519ef42.jpg","height":416,"width":416,"date_captured":"2022-10-22T16:31:19+00:00"},{"id":45,"license":1,"file_name":"000238_10_02_152_png.rf.f1b34d342274edd3fc01fcdfdfb787b1.jpg","height":416,"width":416,"date_captured":"2022-10-22T16:31:19+00:00"},{"id":46,"license":1,"file_name":"000293_06_03_154_png.rf.fdee3560612d7325fea38b1904ea15ee.jpg","height":416,"width":416,"date_captured":"2022-10-22T16:31:19+00:00"},{"id":47,"license":1,"file_name":"000138_02_01_101_png.rf.f8b11ac9cab380c6624add621eca5424.jpg","height":416,"width":416,"date_captured":"2022-10-22T16:31:19+00:00"},{"id":48,"license":1,"file_name":"001230_03_02_148_png.rf.f745a44b02862b94e54cdbfaa4cade68.jpg","height":416,"width":416,"date_captured":"2022-10-22T16:31:19+00:00"},{"id":49,"license":1,"file_name":"000063_01_01_155_png.rf.fed4ba7b099c5ccac4f6edb388827c89.jpg","height":416,"width":416,"date_captured":"2022-10-22T16:31:19+00:00"},{"id":50,"license":1,"file_name":"000103_12_02_161_png.rf.f5402051fb88f9c682dc338500b70399.jpg","height":416,"width":416,"date_captured":"2022-10-22T16:31:19+00:00"},{"id":51,"license":1,"file_name":"000226_02_01_079_png.rf.ff90962e5f5c642e2756f7109e9da664.jpg","height":416,"width":416,"date_captured":"2022-10-22T16:31:19+00:00"},{"id":52,"license":1,"file_name":"000027_03_01_095_png.rf.fc000b395fbc410e7d3a7fa7f3917c14.jpg","height":416,"width":416,"date_captured":"2022-10-22T16:31:19+00:00"},{"id":53,"license":1,"file_name":"000230_05_01_165_png.rf.fe3fc4b43100f3f8256daefef4a3ad8f.jpg","height":416,"width":416,"date_captured":"2022-10-22T16:31:19+00:00"},{"id":54,"license":1,"file_name":"000058_08_01_035_png.rf.002411a976300f76a2db293978e7e489.jpg","height":416,"width":416,"date_captured":"2022-10-22T16:31:19+00:00"},{"id":55,"license":1,"file_name":"000230_04_01_240_png.rf.00c079f329c8bd378c095d777f978a84.jpg","height":416,"width":416,"date_captured":"2022-10-22T16:31:19+00:00"},{"id":56,"license":1,"file_name":"000266_04_02_098_png.rf.00111e0dfebfdc10f60514cf8438e0e7.jpg","height":416,"width":416,"date_captured":"2022-10-22T16:31:19+00:00"},{"id":57,"license":1,"file_name":"000185_02_04_174_png.rf.00f90c329f1b789739b580978ed7fe64.jpg","height":416,"width":416,"date_captured":"2022-10-22T16:31:19+00:00"},{"id":58,"license":1,"file_name":"000247_04_01_209_png.rf.0f75d3f4b2aec8f686108ecb7b17bc3c.jpg","height":416,"width":416,"date_captured":"2022-10-22T16:31:19+00:00"},{"id":59,"license":1,"file_name":"000027_04_01_119_png.rf.062eabbeb029e710a4701333b7ae6358.jpg","height":416,"width":416,"date_captured":"2022-10-22T16:31:19+00:00"},{"id":60,"license":1,"file_name":"000054_03_01_025_png.rf.0dbc92fb60f7bcb1458d9f4fe761cb00.jpg","height":416,"width":416,"date_captured":"2022-10-22T16:31:19+00:00"},{"id":61,"license":1,"file_name":"003311_02_01_028_png.rf.02a77d98051af4311d7478fdaa35b73d.jpg","height":416,"width":416,"date_captured":"2022-10-22T16:31:19+00:00"},{"id":62,"license":1,"file_name":"000230_05_01_165_png.rf.06d2e97fde84ce591bd73886158bf5bb.jpg","height":416,"width":416,"date_captured":"2022-10-22T16:31:19+00:00"},{"id":63,"license":1,"file_name":"002463_01_01_029_png.rf.0e265bc5f2d85d738a2e3b4b88d76e12.jpg","height":416,"width":416,"date_captured":"2022-10-22T16:31:19+00:00"},{"id":64,"license":1,"file_name":"004085_01_02_107_png.rf.03c85cae6d27bab0c76e639928665f37.jpg","height":416,"width":416,"date_captured":"2022-10-22T16:31:19+00:00"},{"id":65,"license":1,"file_name":"000058_06_02_223_png.rf.1123610f96ae4a8b19dd9b1a3fab9c9f.jpg","height":416,"width":416,"date_captured":"2022-10-22T16:31:19+00:00"},{"id":66,"license":1,"file_name":"000223_07_01_106_png.rf.018ef6b184441581d95e8b5cc0dec4f1.jpg","height":416,"width":416,"date_captured":"2022-10-22T16:31:19+00:00"},{"id":67,"license":1,"file_name":"000874_03_02_219_png.rf.0fa576061cb270e9f77d07f7345e2764.jpg","height":416,"width":416,"date_captured":"2022-10-22T16:31:19+00:00"},{"id":68,"license":1,"file_name":"000103_08_01_021_png.rf.10593ff2e6b038bd7f7a62dd3a1e2723.jpg","height":416,"width":416,"date_captured":"2022-10-22T16:31:19+00:00"},{"id":69,"license":1,"file_name":"000133_03_02_192_png.rf.0988ef972b33d5b3cef085e88ed0d9de.jpg","height":416,"width":416,"date_captured":"2022-10-22T16:31:19+00:00"},{"id":70,"license":1,"file_name":"000284_01_02_121_png.rf.12c9ef58f95813eb0e1044f1324ca295.jpg","height":416,"width":416,"date_captured":"2022-10-22T16:31:19+00:00"},{"id":71,"license":1,"file_name":"000308_03_02_122_png.rf.11de5968e0aefd528ff7382e6cd34727.jpg","height":416,"width":416,"date_captured":"2022-10-22T16:31:19+00:00"},{"id":72,"license":1,"file_name":"000247_06_02_149_png.rf.165880f709bcdd35bc1fd8e549d46792.jpg","height":416,"width":416,"date_captured":"2022-10-22T16:31:19+00:00"},{"id":73,"license":1,"file_name":"000278_07_02_182_png.rf.08794685550ff270c3a1fa68c0bfe58a.jpg","height":416,"width":416,"date_captured":"2022-10-22T16:31:19+00:00"},{"id":74,"license":1,"file_name":"000247_03_01_202_png.rf.1c2ee3716a3afd51f88f2de72379a12f.jpg","height":416,"width":416,"date_captured":"2022-10-22T16:31:19+00:00"},{"id":75,"license":1,"file_name":"000058_06_02_177_png.rf.1cc5f3140180d97c42bcd181f8146d40.jpg","height":416,"width":416,"date_captured":"2022-10-22T16:31:19+00:00"},{"id":76,"license":1,"file_name":"000138_02_01_101_png.rf.1f955a638750f2c8018bd652430bcd56.jpg","height":416,"width":416,"date_captured":"2022-10-22T16:31:19+00:00"},{"id":77,"license":1,"file_name":"000103_02_01_168_png.rf.1454d63f57ca91ea84b49ce05bcb3952.jpg","height":416,"width":416,"date_captured":"2022-10-22T16:31:19+00:00"},{"id":78,"license":1,"file_name":"000138_01_01_148_png.rf.10e0e665fa05ee093112512ec3e174cf.jpg","height":416,"width":416,"date_captured":"2022-10-22T16:31:19+00:00"},{"id":79,"license":1,"file_name":"000293_06_03_154_png.rf.1257a3f784d7a026b24d10a6261cabdf.jpg","height":416,"width":416,"date_captured":"2022-10-22T16:31:19+00:00"},{"id":80,"license":1,"file_name":"000229_03_04_153_png.rf.1ef80f9c88da8ad8134d15f45a63487d.jpg","height":416,"width":416,"date_captured":"2022-10-22T16:31:19+00:00"},{"id":81,"license":1,"file_name":"000306_06_02_126_png.rf.1a76dfe984b44a9c1af08adebbd310dd.jpg","height":416,"width":416,"date_captured":"2022-10-22T16:31:19+00:00"},{"id":82,"license":1,"file_name":"000278_07_02_182_png.rf.2203f143157314c1aecd05dd76125389.jpg","height":416,"width":416,"date_captured":"2022-10-22T16:31:19+00:00"},{"id":83,"license":1,"file_name":"000103_13_02_122_png.rf.2609b499c7082d9859c2ac80f61dee7e.jpg","height":416,"width":416,"date_captured":"2022-10-22T16:31:19+00:00"},{"id":84,"license":1,"file_name":"001574_13_01_090_png.rf.256883750ca1a9d0ea798664bca2e86e.jpg","height":416,"width":416,"date_captured":"2022-10-22T16:31:19+00:00"},{"id":85,"license":1,"file_name":"000229_03_04_202_png.rf.1a83bb41dd738968b45a0df5b4ad3198.jpg","height":416,"width":416,"date_captured":"2022-10-22T16:31:19+00:00"},{"id":86,"license":1,"file_name":"000020_04_01_116_png.rf.2bfb06df4fb5fc934a11f722c4847efa.jpg","height":416,"width":416,"date_captured":"2022-10-22T16:31:19+00:00"},{"id":87,"license":1,"file_name":"000103_12_01_075_png.rf.1319114b52b1d4a842b678ce06c2181b.jpg","height":416,"width":416,"date_captured":"2022-10-22T16:31:19+00:00"},{"id":88,"license":1,"file_name":"000328_08_03_180_png.rf.1a3d45ef8f6eec89f34f88d45413067a.jpg","height":416,"width":416,"date_captured":"2022-10-22T16:31:19+00:00"},{"id":89,"license":1,"file_name":"000021_01_01_016_png.rf.2646a51e2da2d4bb15497d0951a48949.jpg","height":416,"width":416,"date_captured":"2022-10-22T16:31:19+00:00"},{"id":90,"license":1,"file_name":"000103_09_01_023_png.rf.2823928df201077993ea89d8fe01e496.jpg","height":416,"width":416,"date_captured":"2022-10-22T16:31:19+00:00"},{"id":91,"license":1,"file_name":"003038_05_01_063_png.rf.25221c92eed952ce82a0963d9660b02e.jpg","height":416,"width":416,"date_captured":"2022-10-22T16:31:19+00:00"},{"id":92,"license":1,"file_name":"000247_03_01_202_png.rf.2ffeda672177d164eafc8390a9eb2b34.jpg","height":416,"width":416,"date_captured":"2022-10-22T16:31:19+00:00"},{"id":93,"license":1,"file_name":"000103_12_01_105_png.rf.2c0c12d679d2c98af69c93a409d2c95a.jpg","height":416,"width":416,"date_captured":"2022-10-22T16:31:19+00:00"},{"id":94,"license":1,"file_name":"000020_03_01_166_png.rf.25bb84b5f75fa31ba78b7d9da42b3fe9.jpg","height":416,"width":416,"date_captured":"2022-10-22T16:31:19+00:00"},{"id":95,"license":1,"file_name":"000054_03_01_033_png.rf.2b0f80e24dc048c313a06402c856312e.jpg","height":416,"width":416,"date_captured":"2022-10-22T16:31:19+00:00"},{"id":96,"license":1,"file_name":"002463_01_01_029_png.rf.26b16775973fcb3dcd38313c2b629e38.jpg","height":416,"width":416,"date_captured":"2022-10-22T16:31:19+00:00"},{"id":97,"license":1,"file_name":"000284_03_01_084_png.rf.2c8a2e4a8d247c27ca948b8ae9c1cd90.jpg","height":416,"width":416,"date_captured":"2022-10-22T16:31:19+00:00"},{"id":98,"license":1,"file_name":"001404_01_01_139_png.rf.30e83aa2d4683a824e3202ba36192906.jpg","height":416,"width":416,"date_captured":"2022-10-22T16:31:19+00:00"},{"id":99,"license":1,"file_name":"000266_03_02_138_png.rf.300bc879688b68fabfd4dbd3ef71e38f.jpg","height":416,"width":416,"date_captured":"2022-10-22T16:31:19+00:00"},{"id":100,"license":1,"file_name":"000223_07_01_133_png.rf.317f9cd4ab7a01a96091e341d91b1202.jpg","height":416,"width":416,"date_captured":"2022-10-22T16:31:19+00:00"},{"id":101,"license":1,"file_name":"000266_04_02_150_png.rf.264f751a6cc4710069363293fdaf1423.jpg","height":416,"width":416,"date_captured":"2022-10-22T16:31:19+00:00"},{"id":102,"license":1,"file_name":"000020_03_01_134_png.rf.2fffa1bd36dde8d6a0672299f2bc55ee.jpg","height":416,"width":416,"date_captured":"2022-10-22T16:31:19+00:00"},{"id":103,"license":1,"file_name":"000283_13_02_106_png.rf.38fd71af620110ad9f4097d55afe5a26.jpg","height":416,"width":416,"date_captured":"2022-10-22T16:31:19+00:00"},{"id":104,"license":1,"file_name":"000188_03_01_146_png.rf.28f28a130350b8e29f19dbcc1d9e732a.jpg","height":416,"width":416,"date_captured":"2022-10-22T16:31:19+00:00"},{"id":105,"license":1,"file_name":"000058_08_01_035_png.rf.35bf08f0c6165e339d94c7e13c3cf7b1.jpg","height":416,"width":416,"date_captured":"2022-10-22T16:31:19+00:00"},{"id":106,"license":1,"file_name":"000063_04_01_160_png.rf.376a02d999275e49c070644248306b0e.jpg","height":416,"width":416,"date_captured":"2022-10-22T16:31:19+00:00"},{"id":107,"license":1,"file_name":"000247_05_01_178_png.rf.2c74959bcd1574e1a466803f2406605d.jpg","height":416,"width":416,"date_captured":"2022-10-22T16:31:19+00:00"},{"id":108,"license":1,"file_name":"000103_09_01_023_png.rf.3b99f4bca8983657e4bc157184dcf607.jpg","height":416,"width":416,"date_captured":"2022-10-22T16:31:19+00:00"},{"id":109,"license":1,"file_name":"000103_11_01_177_png.rf.37fb9f6258ea60d3655f8d5c663ead66.jpg","height":416,"width":416,"date_captured":"2022-10-22T16:31:19+00:00"},{"id":110,"license":1,"file_name":"000207_03_01_085_png.rf.35455af094010570a5b62187496aef7d.jpg","height":416,"width":416,"date_captured":"2022-10-22T16:31:19+00:00"},{"id":111,"license":1,"file_name":"000027_02_01_105_png.rf.3f00e8eb18889b43f9b91546be2ba884.jpg","height":416,"width":416,"date_captured":"2022-10-22T16:31:19+00:00"},{"id":112,"license":1,"file_name":"000135_02_03_161_png.rf.43382ff6b9d56563434af138249378e2.jpg","height":416,"width":416,"date_captured":"2022-10-22T16:31:19+00:00"},{"id":113,"license":1,"file_name":"000058_06_02_177_png.rf.4af628511324ee54eb447be23122690b.jpg","height":416,"width":416,"date_captured":"2022-10-22T16:31:19+00:00"},{"id":114,"license":1,"file_name":"002265_01_01_016_png.rf.433c1aeb60d3279a41a9f6110e774922.jpg","height":416,"width":416,"date_captured":"2022-10-22T16:31:19+00:00"},{"id":115,"license":1,"file_name":"000021_01_01_016_png.rf.3d7c2474a8d2ee8b6bfb02ed4bdcd9d0.jpg","height":416,"width":416,"date_captured":"2022-10-22T16:31:19+00:00"},{"id":116,"license":1,"file_name":"000304_01_01_210_png.rf.3c326033828c5802fffaf6b900cc7415.jpg","height":416,"width":416,"date_captured":"2022-10-22T16:31:19+00:00"},{"id":117,"license":1,"file_name":"000020_04_01_116_png.rf.4694abe58de1ced87be172c5adff308b.jpg","height":416,"width":416,"date_captured":"2022-10-22T16:31:19+00:00"},{"id":118,"license":1,"file_name":"000328_08_03_172_png.rf.3649d9f6bfbe7f498004b77eaf4b2bfc.jpg","height":416,"width":416,"date_captured":"2022-10-22T16:31:19+00:00"},{"id":119,"license":1,"file_name":"000138_01_01_114_png.rf.3c17166137a14f9d867e127e0e592e1f.jpg","height":416,"width":416,"date_captured":"2022-10-22T16:31:19+00:00"},{"id":120,"license":1,"file_name":"000105_04_01_144_png.rf.45ac209a89b08c8c6d716f0a3b38028e.jpg","height":416,"width":416,"date_captured":"2022-10-22T16:31:19+00:00"},{"id":121,"license":1,"file_name":"000103_08_01_016_png.rf.50b1a804a7c97266608c278f6a92bd35.jpg","height":416,"width":416,"date_captured":"2022-10-22T16:31:19+00:00"},{"id":122,"license":1,"file_name":"000103_04_02_175_png.rf.4ef880c28484093e6f7e8015e89d0f98.jpg","height":416,"width":416,"date_captured":"2022-10-22T16:31:19+00:00"},{"id":123,"license":1,"file_name":"000103_05_01_133_png.rf.4525c5c6247263ad4382325fb6ba550c.jpg","height":416,"width":416,"date_captured":"2022-10-22T16:31:19+00:00"},{"id":124,"license":1,"file_name":"000063_01_01_155_png.rf.48e8e47e8b2cc0d69f40bb88bf532c7d.jpg","height":416,"width":416,"date_captured":"2022-10-22T16:31:19+00:00"},{"id":125,"license":1,"file_name":"000266_03_02_133_png.rf.4a788c39c14f7d44be92a09b322a0993.jpg","height":416,"width":416,"date_captured":"2022-10-22T16:31:19+00:00"},{"id":126,"license":1,"file_name":"000196_03_02_132_png.rf.4b3a3b3dd9853ac9f96195c182ad0424.jpg","height":416,"width":416,"date_captured":"2022-10-22T16:31:19+00:00"},{"id":127,"license":1,"file_name":"000103_13_01_019_png.rf.4f31ce390d4f85bf43ffc2d7c3b604fb.jpg","height":416,"width":416,"date_captured":"2022-10-22T16:31:19+00:00"},{"id":128,"license":1,"file_name":"000103_07_02_082_png.rf.4b71b67643c6ccb3a9b0b9d81c41bcb0.jpg","height":416,"width":416,"date_captured":"2022-10-22T16:31:19+00:00"},{"id":129,"license":1,"file_name":"000284_01_02_105_png.rf.536bd74400cee289198608250866528d.jpg","height":416,"width":416,"date_captured":"2022-10-22T16:31:19+00:00"},{"id":130,"license":1,"file_name":"001083_09_01_093_png.rf.3dc313aece6ba510d8aa7f3dfce627ea.jpg","height":416,"width":416,"date_captured":"2022-10-22T16:31:19+00:00"},{"id":131,"license":1,"file_name":"002639_05_01_141_png.rf.5beeb1d9cc634392ca691168512d26e0.jpg","height":416,"width":416,"date_captured":"2022-10-22T16:31:19+00:00"},{"id":132,"license":1,"file_name":"000271_12_02_242_png.rf.51f28a6982a846dc28be337e45846286.jpg","height":416,"width":416,"date_captured":"2022-10-22T16:31:19+00:00"},{"id":133,"license":1,"file_name":"000063_01_01_155_png.rf.50c9698ed843b2a740c1fc34bbcce432.jpg","height":416,"width":416,"date_captured":"2022-10-22T16:31:19+00:00"},{"id":134,"license":1,"file_name":"000103_07_02_160_png.rf.52ddea367fba043c3597b5d52b668b9c.jpg","height":416,"width":416,"date_captured":"2022-10-22T16:31:19+00:00"},{"id":135,"license":1,"file_name":"000020_04_01_143_png.rf.5c0dacc96328266a222572ac85e501b5.jpg","height":416,"width":416,"date_captured":"2022-10-22T16:31:19+00:00"},{"id":136,"license":1,"file_name":"000276_05_02_188_png.rf.51ea21ca935508156ffa6138aadb8983.jpg","height":416,"width":416,"date_captured":"2022-10-22T16:31:19+00:00"},{"id":137,"license":1,"file_name":"000245_03_02_169_png.rf.552743b5031ab37c2e66951d412b907a.jpg","height":416,"width":416,"date_captured":"2022-10-22T16:31:19+00:00"},{"id":138,"license":1,"file_name":"000020_02_01_062_png.rf.5d03cb6236eded806ba933038ebb7863.jpg","height":416,"width":416,"date_captured":"2022-10-22T16:31:19+00:00"},{"id":139,"license":1,"file_name":"003038_05_01_063_png.rf.58ca7586fe27951915fdcefa41188adc.jpg","height":416,"width":416,"date_captured":"2022-10-22T16:31:19+00:00"},{"id":140,"license":1,"file_name":"003038_05_01_063_png.rf.5982c45a495c7d3f26729f4a8b7b82a9.jpg","height":416,"width":416,"date_captured":"2022-10-22T16:31:19+00:00"},{"id":141,"license":1,"file_name":"002601_01_01_237_png.rf.5882d6123d07a1ffd66dfc7d19944e04.jpg","height":416,"width":416,"date_captured":"2022-10-22T16:31:19+00:00"},{"id":142,"license":1,"file_name":"000874_03_02_219_png.rf.552c74565c721ac8dd3a94e742ef5d64.jpg","height":416,"width":416,"date_captured":"2022-10-22T16:31:19+00:00"},{"id":143,"license":1,"file_name":"000027_04_01_119_png.rf.564185b37e21ffee7bae12974a2fc261.jpg","height":416,"width":416,"date_captured":"2022-10-22T16:31:19+00:00"},{"id":144,"license":1,"file_name":"000226_02_01_079_png.rf.55d1a3cb257ea5aed7400162c407fb13.jpg","height":416,"width":416,"date_captured":"2022-10-22T16:31:19+00:00"},{"id":145,"license":1,"file_name":"000020_04_01_143_png.rf.5b4dce69bbf07ee76f91cab8115d0dab.jpg","height":416,"width":416,"date_captured":"2022-10-22T16:31:19+00:00"},{"id":146,"license":1,"file_name":"000103_13_02_122_png.rf.5d3ea5eebb4c7c6e444410a2a5746050.jpg","height":416,"width":416,"date_captured":"2022-10-22T16:31:19+00:00"},{"id":147,"license":1,"file_name":"000266_04_02_098_png.rf.5b993f23d4d9f3de03a753832ac3dde0.jpg","height":416,"width":416,"date_captured":"2022-10-22T16:31:19+00:00"},{"id":148,"license":1,"file_name":"000133_03_02_145_png.rf.4f441e580305559ec8c5708cb34f64f0.jpg","height":416,"width":416,"date_captured":"2022-10-22T16:31:19+00:00"},{"id":149,"license":1,"file_name":"000271_12_02_242_png.rf.5e45ae45ca3d57ef153907fd7cd2787c.jpg","height":416,"width":416,"date_captured":"2022-10-22T16:31:19+00:00"},{"id":150,"license":1,"file_name":"000293_06_03_154_png.rf.613f52bb8c49d53981d3955461f7eca0.jpg","height":416,"width":416,"date_captured":"2022-10-22T16:31:19+00:00"},{"id":151,"license":1,"file_name":"000230_02_01_157_png.rf.56df6b2b375909868b66e9b79ad6ca0b.jpg","height":416,"width":416,"date_captured":"2022-10-22T16:31:19+00:00"},{"id":152,"license":1,"file_name":"000133_03_02_145_png.rf.5b7116f38a85ee48201f67003eeaede2.jpg","height":416,"width":416,"date_captured":"2022-10-22T16:31:19+00:00"},{"id":153,"license":1,"file_name":"000328_08_03_180_png.rf.5f17229db1a52f285ec766203dd4a052.jpg","height":416,"width":416,"date_captured":"2022-10-22T16:31:19+00:00"},{"id":154,"license":1,"file_name":"003412_03_01_108_png.rf.65085bb85f8953a250805d4a64f1e9a0.jpg","height":416,"width":416,"date_captured":"2022-10-22T16:31:19+00:00"},{"id":155,"license":1,"file_name":"000027_03_01_095_png.rf.5e81ab467fbae9bd751fb11ab9b197e8.jpg","height":416,"width":416,"date_captured":"2022-10-22T16:31:19+00:00"},{"id":156,"license":1,"file_name":"000027_01_01_113_png.rf.61ee2d8b8660a7e38f2097da1b862689.jpg","height":416,"width":416,"date_captured":"2022-10-22T16:31:19+00:00"},{"id":157,"license":1,"file_name":"001598_15_02_231_png.rf.64500e2137f21eb08951b8f8cf6bda8d.jpg","height":416,"width":416,"date_captured":"2022-10-22T16:31:19+00:00"},{"id":158,"license":1,"file_name":"000271_12_02_242_png.rf.6552a69f9c45e6783902f14b5adf6130.jpg","height":416,"width":416,"date_captured":"2022-10-22T16:31:19+00:00"},{"id":159,"license":1,"file_name":"003412_03_01_108_png.rf.624b3da00300355a0d2adea924d40216.jpg","height":416,"width":416,"date_captured":"2022-10-22T16:31:19+00:00"},{"id":160,"license":1,"file_name":"000198_05_01_124_png.rf.654a9eb8a46cbe2df6b6e15ee80fb8cf.jpg","height":416,"width":416,"date_captured":"2022-10-22T16:31:19+00:00"},{"id":161,"license":1,"file_name":"000103_08_01_021_png.rf.6792b090320dda36c327b84e6593f72c.jpg","height":416,"width":416,"date_captured":"2022-10-22T16:31:19+00:00"},{"id":162,"license":1,"file_name":"000138_01_01_114_png.rf.6acd6c5b9c9ca19ea9fbc79298e98206.jpg","height":416,"width":416,"date_captured":"2022-10-22T16:31:19+00:00"},{"id":163,"license":1,"file_name":"000103_08_02_153_png.rf.66cc53799834fc6d4a6e59d63f36daa3.jpg","height":416,"width":416,"date_captured":"2022-10-22T16:31:19+00:00"},{"id":164,"license":1,"file_name":"000020_04_01_159_png.rf.67b8409a1b8806bf4deed25d59edebf7.jpg","height":416,"width":416,"date_captured":"2022-10-22T16:31:19+00:00"},{"id":165,"license":1,"file_name":"002701_04_03_160_png.rf.67a4c830b2e3d9b75e27f1b99c93e043.jpg","height":416,"width":416,"date_captured":"2022-10-22T16:31:19+00:00"},{"id":166,"license":1,"file_name":"000747_03_03_172_png.rf.6b4f9c72fcc0c6500d986507c1d8de0b.jpg","height":416,"width":416,"date_captured":"2022-10-22T16:31:19+00:00"},{"id":167,"license":1,"file_name":"000054_03_01_018_png.rf.6ecd283660b81649305232063cd265f2.jpg","height":416,"width":416,"date_captured":"2022-10-22T16:31:19+00:00"},{"id":168,"license":1,"file_name":"000245_03_02_214_png.rf.692fd076b2edf1b135f200e402ac98e3.jpg","height":416,"width":416,"date_captured":"2022-10-22T16:31:19+00:00"},{"id":169,"license":1,"file_name":"002265_02_01_031_png.rf.6db9a1caacfd59b21a9e852cb7a5aa4f.jpg","height":416,"width":416,"date_captured":"2022-10-22T16:31:19+00:00"},{"id":170,"license":1,"file_name":"000306_06_02_201_png.rf.6d0719e06bac965fb71a16ae83dfc7a1.jpg","height":416,"width":416,"date_captured":"2022-10-22T16:31:19+00:00"},{"id":171,"license":1,"file_name":"000229_03_04_202_png.rf.70d693014dd12800839bf5846c5f3650.jpg","height":416,"width":416,"date_captured":"2022-10-22T16:31:19+00:00"},{"id":172,"license":1,"file_name":"000027_02_01_105_png.rf.76bc048f3ac99bd43c6816e7579265aa.jpg","height":416,"width":416,"date_captured":"2022-10-22T16:31:19+00:00"},{"id":173,"license":1,"file_name":"000103_13_01_019_png.rf.73171ccbd6eaeaa20c9ab05f73bfb88e.jpg","height":416,"width":416,"date_captured":"2022-10-22T16:31:19+00:00"},{"id":174,"license":1,"file_name":"000228_03_03_165_png.rf.6ee0d22c651c95c331545532909d5a9c.jpg","height":416,"width":416,"date_captured":"2022-10-22T16:31:19+00:00"},{"id":175,"license":1,"file_name":"000229_03_04_153_png.rf.657910e0d4ffeea70752198288216e58.jpg","height":416,"width":416,"date_captured":"2022-10-22T16:31:19+00:00"},{"id":176,"license":1,"file_name":"000103_04_02_175_png.rf.6df982ed55fddac6d4e4eaa8ff88226a.jpg","height":416,"width":416,"date_captured":"2022-10-22T16:31:19+00:00"},{"id":177,"license":1,"file_name":"000065_06_01_030_png.rf.7a525ef03471b1309efa30ffbabd1026.jpg","height":416,"width":416,"date_captured":"2022-10-22T16:31:19+00:00"},{"id":178,"license":1,"file_name":"001797_01_02_221_png.rf.68cca94027a4b8068d3b1abbe1febfc8.jpg","height":416,"width":416,"date_captured":"2022-10-22T16:31:19+00:00"},{"id":179,"license":1,"file_name":"000207_04_01_191_png.rf.759791362a81235ac21e4cd972459512.jpg","height":416,"width":416,"date_captured":"2022-10-22T16:31:19+00:00"},{"id":180,"license":1,"file_name":"000058_07_01_195_png.rf.7a15e806ecc8d4668ecd526e65b39a5d.jpg","height":416,"width":416,"date_captured":"2022-10-22T16:31:19+00:00"},{"id":181,"license":1,"file_name":"000271_12_02_237_png.rf.77de931f3bb7aba0129c6a37b0c76b86.jpg","height":416,"width":416,"date_captured":"2022-10-22T16:31:19+00:00"},{"id":182,"license":1,"file_name":"000103_07_02_082_png.rf.791845940d0793e7bd4ae1cfa1428a44.jpg","height":416,"width":416,"date_captured":"2022-10-22T16:31:19+00:00"},{"id":183,"license":1,"file_name":"000103_12_01_075_png.rf.72aef4e94f5f23e4def0d452d2148a18.jpg","height":416,"width":416,"date_captured":"2022-10-22T16:31:19+00:00"},{"id":184,"license":1,"file_name":"000238_09_03_268_png.rf.77f252a044d19eb92a4e9d1f2c877787.jpg","height":416,"width":416,"date_captured":"2022-10-22T16:31:19+00:00"},{"id":185,"license":1,"file_name":"000207_03_01_085_png.rf.77eb9277f2158b84e8864097dc829cf0.jpg","height":416,"width":416,"date_captured":"2022-10-22T16:31:19+00:00"},{"id":186,"license":1,"file_name":"000103_03_01_082_png.rf.807511e227305fc97c5f9ce0467eda3e.jpg","height":416,"width":416,"date_captured":"2022-10-22T16:31:19+00:00"},{"id":187,"license":1,"file_name":"000021_04_01_090_png.rf.7845fc75746ca9459045edbc81a6adf4.jpg","height":416,"width":416,"date_captured":"2022-10-22T16:31:19+00:00"},{"id":188,"license":1,"file_name":"000207_04_01_191_png.rf.7e856396948b4bc2c5b25657b404b7a0.jpg","height":416,"width":416,"date_captured":"2022-10-22T16:31:19+00:00"},{"id":189,"license":1,"file_name":"000223_09_02_109_png.rf.7b3c77a3d970afc3c7378fc7ff0f285d.jpg","height":416,"width":416,"date_captured":"2022-10-22T16:31:19+00:00"},{"id":190,"license":1,"file_name":"002701_04_03_160_png.rf.73935db38811261074b4fa7094f7bc46.jpg","height":416,"width":416,"date_captured":"2022-10-22T16:31:19+00:00"},{"id":191,"license":1,"file_name":"003380_03_01_140_png.rf.81ef70baea646711f41095bd175fb47c.jpg","height":416,"width":416,"date_captured":"2022-10-22T16:31:19+00:00"},{"id":192,"license":1,"file_name":"000020_03_01_166_png.rf.8311df80abf43ed73dd08fdb0aaef8bd.jpg","height":416,"width":416,"date_captured":"2022-10-22T16:31:19+00:00"},{"id":193,"license":1,"file_name":"000133_03_02_192_png.rf.8300eabb1c8c3fcb4ebe4d9462cecbf0.jpg","height":416,"width":416,"date_captured":"2022-10-22T16:31:19+00:00"},{"id":194,"license":1,"file_name":"000328_08_03_180_png.rf.86051a8daf43e0c114babab919c5a9d8.jpg","height":416,"width":416,"date_captured":"2022-10-22T16:31:19+00:00"},{"id":195,"license":1,"file_name":"000143_05_01_120_png.rf.7bb6433bdda01b329ddefc06c29ed6a9.jpg","height":416,"width":416,"date_captured":"2022-10-22T16:31:19+00:00"},{"id":196,"license":1,"file_name":"000308_03_02_122_png.rf.82da76ac3e4ea7cfa16f54acbf9cd192.jpg","height":416,"width":416,"date_captured":"2022-10-22T16:31:19+00:00"},{"id":197,"license":1,"file_name":"000103_06_01_131_png.rf.84b4cc493a24029160749a7e326e6551.jpg","height":416,"width":416,"date_captured":"2022-10-22T16:31:19+00:00"},{"id":198,"license":1,"file_name":"000143_04_02_083_png.rf.7cd41b52f061b64250579ef5e919a783.jpg","height":416,"width":416,"date_captured":"2022-10-22T16:31:19+00:00"},{"id":199,"license":1,"file_name":"002408_01_01_161_png.rf.8addfd8f572be93728d47fac8befa21d.jpg","height":416,"width":416,"date_captured":"2022-10-22T16:31:19+00:00"},{"id":200,"license":1,"file_name":"000138_01_01_148_png.rf.833f5bc17072fff8689166b5192b3ebc.jpg","height":416,"width":416,"date_captured":"2022-10-22T16:31:19+00:00"},{"id":201,"license":1,"file_name":"000747_03_03_172_png.rf.8781e97d99778410fc02467e5e3414d6.jpg","height":416,"width":416,"date_captured":"2022-10-22T16:31:19+00:00"},{"id":202,"license":1,"file_name":"000238_09_03_268_png.rf.863abd3f737df6be4ef2d768b1edafa6.jpg","height":416,"width":416,"date_captured":"2022-10-22T16:31:19+00:00"},{"id":203,"license":1,"file_name":"000103_09_02_169_png.rf.8c8e84f4cb740356e9b3020ae38922fd.jpg","height":416,"width":416,"date_captured":"2022-10-22T16:31:19+00:00"},{"id":204,"license":1,"file_name":"001230_03_02_148_png.rf.91577fe6abfc5fc81d7f6dac702679b1.jpg","height":416,"width":416,"date_captured":"2022-10-22T16:31:19+00:00"},{"id":205,"license":1,"file_name":"002601_01_01_237_png.rf.8867f9c34afd95a10303b6d727613bc2.jpg","height":416,"width":416,"date_captured":"2022-10-22T16:31:19+00:00"},{"id":206,"license":1,"file_name":"000247_05_01_178_png.rf.860b61e6061ae0eaf9be81c648d4addf.jpg","height":416,"width":416,"date_captured":"2022-10-22T16:31:19+00:00"},{"id":207,"license":1,"file_name":"000228_03_03_165_png.rf.8ed46fb827c557be2d895ff24b868b41.jpg","height":416,"width":416,"date_captured":"2022-10-22T16:31:19+00:00"},{"id":208,"license":1,"file_name":"000316_01_01_071_png.rf.8f70de40fd623be9948e9a6170a134ea.jpg","height":416,"width":416,"date_captured":"2022-10-22T16:31:19+00:00"},{"id":209,"license":1,"file_name":"000207_04_01_191_png.rf.9684481b87a7ebf7e6f70cafa158fc2e.jpg","height":416,"width":416,"date_captured":"2022-10-22T16:31:19+00:00"},{"id":210,"license":1,"file_name":"000328_08_03_172_png.rf.9337d58a31a1205e0d1c4c3f8f571005.jpg","height":416,"width":416,"date_captured":"2022-10-22T16:31:19+00:00"},{"id":211,"license":1,"file_name":"000063_04_01_160_png.rf.89e88d42f88764dc2d57cbc592a31578.jpg","height":416,"width":416,"date_captured":"2022-10-22T16:31:19+00:00"},{"id":212,"license":1,"file_name":"000020_04_01_159_png.rf.90043102ea24a314e071ec85a0a60389.jpg","height":416,"width":416,"date_captured":"2022-10-22T16:31:19+00:00"},{"id":213,"license":1,"file_name":"000247_06_02_149_png.rf.8df565c18e3ea08a215186dae8194887.jpg","height":416,"width":416,"date_captured":"2022-10-22T16:31:19+00:00"},{"id":214,"license":1,"file_name":"000063_03_01_144_png.rf.987315706c291ae908a82648278386ae.jpg","height":416,"width":416,"date_captured":"2022-10-22T16:31:19+00:00"},{"id":215,"license":1,"file_name":"000103_12_01_075_png.rf.997b62cb6488270dbaa533059a4a989c.jpg","height":416,"width":416,"date_captured":"2022-10-22T16:31:19+00:00"},{"id":216,"license":1,"file_name":"000103_02_01_060_png.rf.981cd934abdcab5462605e58efafc576.jpg","height":416,"width":416,"date_captured":"2022-10-22T16:31:19+00:00"},{"id":217,"license":1,"file_name":"001404_01_01_139_png.rf.94181e20cb7bda940c23633f05d757d5.jpg","height":416,"width":416,"date_captured":"2022-10-22T16:31:19+00:00"},{"id":218,"license":1,"file_name":"000017_02_01_016_png.rf.982dec0102cdd0c01939612f3784863b.jpg","height":416,"width":416,"date_captured":"2022-10-22T16:31:19+00:00"},{"id":219,"license":1,"file_name":"000316_01_01_071_png.rf.9ff57dae179bebe8068cd12ec045feef.jpg","height":416,"width":416,"date_captured":"2022-10-22T16:31:19+00:00"},{"id":220,"license":1,"file_name":"000188_03_01_146_png.rf.974e9f2808b4b4cd6f61ebad95acf714.jpg","height":416,"width":416,"date_captured":"2022-10-22T16:31:19+00:00"},{"id":221,"license":1,"file_name":"000238_10_02_152_png.rf.a0113b9415feed459168f30c2761f168.jpg","height":416,"width":416,"date_captured":"2022-10-22T16:31:19+00:00"},{"id":222,"license":1,"file_name":"000021_02_01_068_png.rf.9ca339da5d6924bb33adb4bce38f1aa6.jpg","height":416,"width":416,"date_captured":"2022-10-22T16:31:19+00:00"},{"id":223,"license":1,"file_name":"000103_09_02_169_png.rf.82261f5268c0bce959dbfbe8a40a8e6a.jpg","height":416,"width":416,"date_captured":"2022-10-22T16:31:19+00:00"},{"id":224,"license":1,"file_name":"000103_08_01_016_png.rf.999cbea88b503dcd077fd66d4f9eb19c.jpg","height":416,"width":416,"date_captured":"2022-10-22T16:31:19+00:00"},{"id":225,"license":1,"file_name":"000304_01_01_210_png.rf.a7e877822301c84647e953b4f38943ff.jpg","height":416,"width":416,"date_captured":"2022-10-22T16:31:19+00:00"},{"id":226,"license":1,"file_name":"000223_07_01_107_png.rf.a2c611b80c4b4af1e72048e8e8d2bbfd.jpg","height":416,"width":416,"date_captured":"2022-10-22T16:31:19+00:00"},{"id":227,"license":1,"file_name":"000223_09_02_132_png.rf.95e2eb766047f549c5f5b1c11abc51f9.jpg","height":416,"width":416,"date_captured":"2022-10-22T16:31:19+00:00"},{"id":228,"license":1,"file_name":"000247_06_02_149_png.rf.a2ec48c9d78fab1a7da312bc4836c07c.jpg","height":416,"width":416,"date_captured":"2022-10-22T16:31:19+00:00"},{"id":229,"license":1,"file_name":"000143_04_02_126_png.rf.a8c0cb313731ea28b606c83bb145e9eb.jpg","height":416,"width":416,"date_captured":"2022-10-22T16:31:19+00:00"},{"id":230,"license":1,"file_name":"000230_02_01_157_png.rf.9b1c3f2dd4bdd17e88b873071687b8ae.jpg","height":416,"width":416,"date_captured":"2022-10-22T16:31:19+00:00"},{"id":231,"license":1,"file_name":"000310_01_01_115_png.rf.a578ed4cc4bc092a03fadff615c37a83.jpg","height":416,"width":416,"date_captured":"2022-10-22T16:31:19+00:00"},{"id":232,"license":1,"file_name":"000058_06_02_223_png.rf.9efe9b1f5d0e7faa35d6c94d5383f84c.jpg","height":416,"width":416,"date_captured":"2022-10-22T16:31:19+00:00"},{"id":233,"license":1,"file_name":"000017_02_01_016_png.rf.aaafa13ab4a072499cae9b6d0d62c689.jpg","height":416,"width":416,"date_captured":"2022-10-22T16:31:19+00:00"},{"id":234,"license":1,"file_name":"000021_03_01_017_png.rf.aa0dd2c3d26e8256dae8ae17f025cb97.jpg","height":416,"width":416,"date_captured":"2022-10-22T16:31:19+00:00"},{"id":235,"license":1,"file_name":"000230_04_01_240_png.rf.a0566630766f5b5b0142764175247895.jpg","height":416,"width":416,"date_captured":"2022-10-22T16:31:19+00:00"},{"id":236,"license":1,"file_name":"000310_01_01_115_png.rf.a9857efded634ba1f52a079d7dd82427.jpg","height":416,"width":416,"date_captured":"2022-10-22T16:31:19+00:00"},{"id":237,"license":1,"file_name":"000271_12_02_237_png.rf.a240646a8650d07103f8c48c79b95f27.jpg","height":416,"width":416,"date_captured":"2022-10-22T16:31:19+00:00"},{"id":238,"license":1,"file_name":"000103_06_01_131_png.rf.a35ac04c49237ec136588899edbc9035.jpg","height":416,"width":416,"date_captured":"2022-10-22T16:31:19+00:00"},{"id":239,"license":1,"file_name":"000247_03_01_202_png.rf.ab5850fc19f0550bac9e508b1bf05c19.jpg","height":416,"width":416,"date_captured":"2022-10-22T16:31:19+00:00"},{"id":240,"license":1,"file_name":"000143_05_01_136_png.rf.acbdb8a4914d7305e00fe7d466781d89.jpg","height":416,"width":416,"date_captured":"2022-10-22T16:31:19+00:00"},{"id":241,"license":1,"file_name":"000058_07_01_195_png.rf.aed7d1a37709eac5c194f67380366717.jpg","height":416,"width":416,"date_captured":"2022-10-22T16:31:19+00:00"},{"id":242,"license":1,"file_name":"004085_01_02_107_png.rf.adadece3e18aa026def619cbac2fe939.jpg","height":416,"width":416,"date_captured":"2022-10-22T16:31:19+00:00"},{"id":243,"license":1,"file_name":"000020_03_01_134_png.rf.ae8d09c21b8c4cc9f585861c142cec44.jpg","height":416,"width":416,"date_captured":"2022-10-22T16:31:19+00:00"},{"id":244,"license":1,"file_name":"000021_04_01_090_png.rf.ad3bebcc3520146e8a5ee91ebda39c11.jpg","height":416,"width":416,"date_captured":"2022-10-22T16:31:19+00:00"},{"id":245,"license":1,"file_name":"000105_04_01_144_png.rf.aba95ddfd629d8ac4b330a4310a607db.jpg","height":416,"width":416,"date_captured":"2022-10-22T16:31:19+00:00"},{"id":246,"license":1,"file_name":"000223_09_02_109_png.rf.b41571923ae34c051c7fcab5d67031a9.jpg","height":416,"width":416,"date_captured":"2022-10-22T16:31:19+00:00"},{"id":247,"license":1,"file_name":"000230_02_01_157_png.rf.b1c3c10aca78b85da927baa41c9a72d3.jpg","height":416,"width":416,"date_captured":"2022-10-22T16:31:19+00:00"},{"id":248,"license":1,"file_name":"002408_01_01_161_png.rf.b4bfa66370fbb10e3549ee6389a4de74.jpg","height":416,"width":416,"date_captured":"2022-10-22T16:31:19+00:00"},{"id":249,"license":1,"file_name":"000284_03_01_084_png.rf.b6f4c02e3c4ec75c75d1dd5357c11939.jpg","height":416,"width":416,"date_captured":"2022-10-22T16:31:19+00:00"},{"id":250,"license":1,"file_name":"000058_07_01_218_png.rf.a6a4bc4a4a5e876a04aaeb8dcc582336.jpg","height":416,"width":416,"date_captured":"2022-10-22T16:31:19+00:00"},{"id":251,"license":1,"file_name":"000054_03_01_025_png.rf.850b24eaf7eb9f7cc0cb4bee7f6c0d99.jpg","height":416,"width":416,"date_captured":"2022-10-22T16:31:19+00:00"},{"id":252,"license":1,"file_name":"000223_05_03_128_png.rf.b3b7da3e82fe3b67a28f5b23b5bad506.jpg","height":416,"width":416,"date_captured":"2022-10-22T16:31:19+00:00"},{"id":253,"license":1,"file_name":"000103_02_01_060_png.rf.ae7ef74a08d617f7eeb1a9a057e64eff.jpg","height":416,"width":416,"date_captured":"2022-10-22T16:31:19+00:00"},{"id":254,"license":1,"file_name":"000247_05_01_178_png.rf.b2cb73fe062d794ca118256a1e602c35.jpg","height":416,"width":416,"date_captured":"2022-10-22T16:31:19+00:00"},{"id":255,"license":1,"file_name":"000103_13_02_092_png.rf.aea79c757e63f4635861342517e5f9ce.jpg","height":416,"width":416,"date_captured":"2022-10-22T16:31:19+00:00"},{"id":256,"license":1,"file_name":"000198_05_01_124_png.rf.b7dfa0e81b4306499c3af9bbe01fe699.jpg","height":416,"width":416,"date_captured":"2022-10-22T16:31:19+00:00"},{"id":257,"license":1,"file_name":"000143_04_02_153_png.rf.b710034280088f551d2dbbc9d1695cc6.jpg","height":416,"width":416,"date_captured":"2022-10-22T16:31:19+00:00"},{"id":258,"license":1,"file_name":"000143_04_02_153_png.rf.b7acc45b5825f25c585e159f01a8778f.jpg","height":416,"width":416,"date_captured":"2022-10-22T16:31:19+00:00"},{"id":259,"license":1,"file_name":"000058_07_01_218_png.rf.abde55d790caccdde10043b623566ba8.jpg","height":416,"width":416,"date_captured":"2022-10-22T16:31:19+00:00"},{"id":260,"license":1,"file_name":"000245_03_02_169_png.rf.ba084976d41e811813d9e0654f544855.jpg","height":416,"width":416,"date_captured":"2022-10-22T16:31:19+00:00"},{"id":261,"license":1,"file_name":"000103_08_02_153_png.rf.bd4f485cfa0cd52f0b82576bf425266b.jpg","height":416,"width":416,"date_captured":"2022-10-22T16:31:19+00:00"},{"id":262,"license":1,"file_name":"000103_01_01_104_png.rf.b6d655c2d64b8770630d43b02451d067.jpg","height":416,"width":416,"date_captured":"2022-10-22T16:31:19+00:00"},{"id":263,"license":1,"file_name":"001574_13_01_090_png.rf.b73f923471ad2ce9ea37f600f2b1a0b2.jpg","height":416,"width":416,"date_captured":"2022-10-22T16:31:19+00:00"},{"id":264,"license":1,"file_name":"000065_06_01_030_png.rf.b653955c5caaa4669edb243ad3171507.jpg","height":416,"width":416,"date_captured":"2022-10-22T16:31:19+00:00"},{"id":265,"license":1,"file_name":"000196_03_02_132_png.rf.bf9986dee45238ac30f54900f96e5742.jpg","height":416,"width":416,"date_captured":"2022-10-22T16:31:19+00:00"},{"id":266,"license":1,"file_name":"000223_05_03_128_png.rf.bfa148bd88e7e353d855b7c8e23d8baa.jpg","height":416,"width":416,"date_captured":"2022-10-22T16:31:19+00:00"},{"id":267,"license":1,"file_name":"000293_06_03_161_png.rf.bea2d1318f24e9229c9918d23d58898a.jpg","height":416,"width":416,"date_captured":"2022-10-22T16:31:19+00:00"},{"id":268,"license":1,"file_name":"000143_05_01_120_png.rf.c1c2c8026b061698a8bccc11c211fcf3.jpg","height":416,"width":416,"date_captured":"2022-10-22T16:31:19+00:00"},{"id":269,"license":1,"file_name":"000103_13_02_092_png.rf.beec89007d23342e0ddd64f59f5deb1b.jpg","height":416,"width":416,"date_captured":"2022-10-22T16:31:19+00:00"},{"id":270,"license":1,"file_name":"002639_05_01_141_png.rf.b7f43ed6127da096eeee731f945d1260.jpg","height":416,"width":416,"date_captured":"2022-10-22T16:31:19+00:00"},{"id":271,"license":1,"file_name":"000103_01_01_173_png.rf.c76530facbfc2e74f1881dd4d1f9e69d.jpg","height":416,"width":416,"date_captured":"2022-10-22T16:31:19+00:00"},{"id":272,"license":1,"file_name":"000054_03_01_018_png.rf.c547e97972c14f08e36971bf18bb6291.jpg","height":416,"width":416,"date_captured":"2022-10-22T16:31:19+00:00"},{"id":273,"license":1,"file_name":"000229_03_04_202_png.rf.c3b8e641482211d968dd8360a4f6030f.jpg","height":416,"width":416,"date_captured":"2022-10-22T16:31:19+00:00"},{"id":274,"license":1,"file_name":"000230_05_01_165_png.rf.bf93d12d1f416e351014dcf867d2b5bf.jpg","height":416,"width":416,"date_captured":"2022-10-22T16:31:19+00:00"},{"id":275,"license":1,"file_name":"000020_02_01_062_png.rf.bee2e568f9b4838ce06b0c98c53e19c6.jpg","height":416,"width":416,"date_captured":"2022-10-22T16:31:19+00:00"},{"id":276,"license":1,"file_name":"000306_06_02_201_png.rf.c4de760fe93792d5f7c98afb0e6d7763.jpg","height":416,"width":416,"date_captured":"2022-10-22T16:31:19+00:00"},{"id":277,"license":1,"file_name":"000027_05_01_099_png.rf.b83985f5b83024bea4eaf93ca4745705.jpg","height":416,"width":416,"date_captured":"2022-10-22T16:31:19+00:00"},{"id":278,"license":1,"file_name":"000027_05_01_099_png.rf.c618e5d5764f534f05caafc44b602415.jpg","height":416,"width":416,"date_captured":"2022-10-22T16:31:19+00:00"},{"id":279,"license":1,"file_name":"003380_03_01_140_png.rf.c23840ad135d5fc06496648cd51cc085.jpg","height":416,"width":416,"date_captured":"2022-10-22T16:31:19+00:00"},{"id":280,"license":1,"file_name":"000226_02_01_079_png.rf.ad91ef5afa8cc0b1c88cc892b8515474.jpg","height":416,"width":416,"date_captured":"2022-10-22T16:31:19+00:00"},{"id":281,"license":1,"file_name":"000103_07_02_160_png.rf.b6f9bd9ad6476c93c2404d8c67f8092a.jpg","height":416,"width":416,"date_captured":"2022-10-22T16:31:19+00:00"},{"id":282,"license":1,"file_name":"000328_08_03_167_png.rf.c45584df27748237352a8f7a27a416a9.jpg","height":416,"width":416,"date_captured":"2022-10-22T16:31:19+00:00"},{"id":283,"license":1,"file_name":"000315_04_03_145_png.rf.c6195df76f6d3bbb1fec2e36f9e2b535.jpg","height":416,"width":416,"date_captured":"2022-10-22T16:31:19+00:00"}],"annotations":[{"id":0,"image_id":0,"category_id":1,"bbox":[188,121,13,12],"area":156,"segmentation":[],"iscrowd":0},{"id":1,"image_id":1,"category_id":1,"bbox":[264,312,18,16],"area":288,"segmentation":[],"iscrowd":0},{"id":2,"image_id":2,"category_id":1,"bbox":[183,69,14,16],"area":224,"segmentation":[],"iscrowd":0},{"id":3,"image_id":3,"category_id":1,"bbox":[175,134,16,12],"area":192,"segmentation":[],"iscrowd":0},{"id":4,"image_id":4,"category_id":1,"bbox":[231,106,13,8],"area":104,"segmentation":[],"iscrowd":0},{"id":5,"image_id":5,"category_id":1,"bbox":[224,86,30,34],"area":1020,"segmentation":[],"iscrowd":0},{"id":6,"image_id":6,"category_id":1,"bbox":[120,151,16,16],"area":256,"segmentation":[],"iscrowd":0},{"id":7,"image_id":7,"category_id":1,"bbox":[221,149,23,20],"area":460,"segmentation":[],"iscrowd":0},{"id":8,"image_id":8,"category_id":1,"bbox":[177,187,18,15],"area":270,"segmentation":[],"iscrowd":0},{"id":9,"image_id":9,"category_id":1,"bbox":[251,267,37,31],"area":1147,"segmentation":[],"iscrowd":0},{"id":10,"image_id":10,"category_id":1,"bbox":[210,267,21,26],"area":546,"segmentation":[],"iscrowd":0},{"id":11,"image_id":11,"category_id":1,"bbox":[176,176,12,10],"area":120,"segmentation":[],"iscrowd":0},{"id":12,"image_id":12,"category_id":1,"bbox":[221,214,18,15],"area":270,"segmentation":[],"iscrowd":0},{"id":13,"image_id":13,"category_id":1,"bbox":[231,176,10,12],"area":120,"segmentation":[],"iscrowd":0},{"id":14,"image_id":14,"category_id":1,"bbox":[119,113,53,34],"area":1802,"segmentation":[],"iscrowd":0},{"id":15,"image_id":15,"category_id":1,"bbox":[166,203,19,16],"area":304,"segmentation":[],"iscrowd":0},{"id":16,"image_id":16,"category_id":1,"bbox":[219,286,14,16],"area":224,"segmentation":[],"iscrowd":0},{"id":17,"image_id":17,"category_id":1,"bbox":[151,280,16,16],"area":256,"segmentation":[],"iscrowd":0},{"id":18,"image_id":18,"category_id":1,"bbox":[232,204,24,25],"area":600,"segmentation":[],"iscrowd":0},{"id":19,"image_id":19,"category_id":1,"bbox":[109,245,18,14],"area":252,"segmentation":[],"iscrowd":0},{"id":20,"image_id":20,"category_id":1,"bbox":[143,137,12,10],"area":120,"segmentation":[],"iscrowd":0},{"id":21,"image_id":21,"category_id":1,"bbox":[191,212,25,24],"area":600,"segmentation":[],"iscrowd":0},{"id":22,"image_id":22,"category_id":1,"bbox":[101,224,8,11],"area":88,"segmentation":[],"iscrowd":0},{"id":23,"image_id":23,"category_id":1,"bbox":[170,310,17,22],"area":374,"segmentation":[],"iscrowd":0},{"id":24,"image_id":24,"category_id":1,"bbox":[138,234,40,48],"area":1920,"segmentation":[],"iscrowd":0},{"id":25,"image_id":25,"category_id":1,"bbox":[149,132,25,36],"area":900,"segmentation":[],"iscrowd":0},{"id":26,"image_id":26,"category_id":1,"bbox":[178,196,11,14],"area":154,"segmentation":[],"iscrowd":0},{"id":27,"image_id":27,"category_id":1,"bbox":[273,211,20,21],"area":420,"segmentation":[],"iscrowd":0},{"id":28,"image_id":28,"category_id":1,"bbox":[186,88,38,26],"area":988,"segmentation":[],"iscrowd":0},{"id":29,"image_id":29,"category_id":1,"bbox":[122,157,18,19],"area":342,"segmentation":[],"iscrowd":0},{"id":30,"image_id":30,"category_id":1,"bbox":[196,228,14,11],"area":154,"segmentation":[],"iscrowd":0},{"id":31,"image_id":31,"category_id":1,"bbox":[179,195,32,24],"area":768,"segmentation":[],"iscrowd":0},{"id":32,"image_id":32,"category_id":1,"bbox":[298,293,40,46],"area":1840,"segmentation":[],"iscrowd":0},{"id":33,"image_id":33,"category_id":1,"bbox":[195,99,19,20],"area":380,"segmentation":[],"iscrowd":0},{"id":34,"image_id":34,"category_id":1,"bbox":[221,143,18,19],"area":342,"segmentation":[],"iscrowd":0},{"id":35,"image_id":35,"category_id":1,"bbox":[67,123,12,15],"area":180,"segmentation":[],"iscrowd":0},{"id":36,"image_id":36,"category_id":1,"bbox":[210,220,46,38],"area":1748,"segmentation":[],"iscrowd":0},{"id":37,"image_id":37,"category_id":1,"bbox":[155,93,30,18],"area":540,"segmentation":[],"iscrowd":0},{"id":38,"image_id":38,"category_id":1,"bbox":[244,206,15,14],"area":210,"segmentation":[],"iscrowd":0},{"id":39,"image_id":39,"category_id":1,"bbox":[232,240,19,14],"area":266,"segmentation":[],"iscrowd":0},{"id":40,"image_id":40,"category_id":1,"bbox":[211,136,22,20],"area":440,"segmentation":[],"iscrowd":0},{"id":41,"image_id":41,"category_id":1,"bbox":[102,306,16,19],"area":304,"segmentation":[],"iscrowd":0},{"id":42,"image_id":42,"category_id":1,"bbox":[192,188,24,20],"area":480,"segmentation":[],"iscrowd":0},{"id":43,"image_id":43,"category_id":1,"bbox":[286,227,19,18],"area":342,"segmentation":[],"iscrowd":0},{"id":44,"image_id":44,"category_id":1,"bbox":[279,279,14,16],"area":224,"segmentation":[],"iscrowd":0},{"id":45,"image_id":45,"category_id":1,"bbox":[284,213,12,14],"area":168,"segmentation":[],"iscrowd":0},{"id":46,"image_id":46,"category_id":1,"bbox":[224,300,16,12],"area":192,"segmentation":[],"iscrowd":0},{"id":47,"image_id":47,"category_id":1,"bbox":[134,268,15,17],"area":255,"segmentation":[],"iscrowd":0},{"id":48,"image_id":48,"category_id":1,"bbox":[236,195,34,29],"area":986,"segmentation":[],"iscrowd":0},{"id":49,"image_id":49,"category_id":1,"bbox":[79,228,72,61],"area":4392,"segmentation":[],"iscrowd":0},{"id":50,"image_id":50,"category_id":1,"bbox":[121,215,12,13],"area":156,"segmentation":[],"iscrowd":0},{"id":51,"image_id":51,"category_id":1,"bbox":[166,290,17,36],"area":612,"segmentation":[],"iscrowd":0},{"id":52,"image_id":52,"category_id":1,"bbox":[121,95,17,15],"area":255,"segmentation":[],"iscrowd":0},{"id":53,"image_id":53,"category_id":1,"bbox":[249,240,24,16],"area":384,"segmentation":[],"iscrowd":0},{"id":54,"image_id":54,"category_id":1,"bbox":[92,102,19,16],"area":304,"segmentation":[],"iscrowd":0},{"id":55,"image_id":55,"category_id":1,"bbox":[262,128,18,14],"area":252,"segmentation":[],"iscrowd":0},{"id":56,"image_id":56,"category_id":1,"bbox":[172,128,11,10],"area":110,"segmentation":[],"iscrowd":0},{"id":57,"image_id":57,"category_id":1,"bbox":[172,302,13,8],"area":104,"segmentation":[],"iscrowd":0},{"id":58,"image_id":58,"category_id":1,"bbox":[153,148,21,15],"area":315,"segmentation":[],"iscrowd":0},{"id":59,"image_id":59,"category_id":1,"bbox":[147,118,26,20],"area":520,"segmentation":[],"iscrowd":0},{"id":60,"image_id":60,"category_id":1,"bbox":[210,219,22,30],"area":660,"segmentation":[],"iscrowd":0},{"id":61,"image_id":61,"category_id":1,"bbox":[198,179,24,32],"area":768,"segmentation":[],"iscrowd":0},{"id":62,"image_id":62,"category_id":1,"bbox":[144,160,24,16],"area":384,"segmentation":[],"iscrowd":0},{"id":63,"image_id":63,"category_id":1,"bbox":[251,178,50,46],"area":2300,"segmentation":[],"iscrowd":0},{"id":64,"image_id":63,"category_id":1,"bbox":[178,215,34,32],"area":1088,"segmentation":[],"iscrowd":0},{"id":65,"image_id":64,"category_id":1,"bbox":[247,307,12,12],"area":144,"segmentation":[],"iscrowd":0},{"id":66,"image_id":65,"category_id":1,"bbox":[240,341,15,19],"area":285,"segmentation":[],"iscrowd":0},{"id":67,"image_id":66,"category_id":1,"bbox":[234,238,48,40],"area":1920,"segmentation":[],"iscrowd":0},{"id":68,"image_id":67,"category_id":1,"bbox":[302,147,37,36],"area":1332,"segmentation":[],"iscrowd":0},{"id":69,"image_id":68,"category_id":1,"bbox":[184,236,22,22],"area":484,"segmentation":[],"iscrowd":0},{"id":70,"image_id":69,"category_id":1,"bbox":[206,120,16,19],"area":304,"segmentation":[],"iscrowd":0},{"id":71,"image_id":70,"category_id":1,"bbox":[169,88,24,21],"area":504,"segmentation":[],"iscrowd":0},{"id":72,"image_id":71,"category_id":1,"bbox":[170,108,21,24],"area":504,"segmentation":[],"iscrowd":0},{"id":73,"image_id":72,"category_id":1,"bbox":[277,258,16,14],"area":224,"segmentation":[],"iscrowd":0},{"id":74,"image_id":73,"category_id":1,"bbox":[303,288,10,14],"area":140,"segmentation":[],"iscrowd":0},{"id":75,"image_id":74,"category_id":1,"bbox":[182,172,18,18],"area":324,"segmentation":[],"iscrowd":0},{"id":76,"image_id":75,"category_id":1,"bbox":[253,318,18,10],"area":180,"segmentation":[],"iscrowd":0},{"id":77,"image_id":76,"category_id":1,"bbox":[132,134,17,15],"area":255,"segmentation":[],"iscrowd":0},{"id":78,"image_id":77,"category_id":1,"bbox":[171,156,34,26],"area":884,"segmentation":[],"iscrowd":0},{"id":79,"image_id":78,"category_id":1,"bbox":[158,246,19,18],"area":342,"segmentation":[],"iscrowd":0},{"id":80,"image_id":79,"category_id":1,"bbox":[300,176,12,16],"area":192,"segmentation":[],"iscrowd":0},{"id":81,"image_id":80,"category_id":1,"bbox":[135,155,12,14],"area":168,"segmentation":[],"iscrowd":0},{"id":82,"image_id":81,"category_id":1,"bbox":[298,195,20,19],"area":380,"segmentation":[],"iscrowd":0},{"id":83,"image_id":82,"category_id":1,"bbox":[114,303,14,10],"area":140,"segmentation":[],"iscrowd":0},{"id":84,"image_id":83,"category_id":1,"bbox":[232,179,14,26],"area":364,"segmentation":[],"iscrowd":0},{"id":85,"image_id":84,"category_id":1,"bbox":[148,106,26,26],"area":676,"segmentation":[],"iscrowd":0},{"id":86,"image_id":85,"category_id":1,"bbox":[106,262,20,17],"area":340,"segmentation":[],"iscrowd":0},{"id":87,"image_id":86,"category_id":1,"bbox":[215,308,24,18],"area":432,"segmentation":[],"iscrowd":0},{"id":88,"image_id":87,"category_id":1,"bbox":[193,179,22,28],"area":616,"segmentation":[],"iscrowd":0},{"id":89,"image_id":88,"category_id":1,"bbox":[145,229,18,16],"area":288,"segmentation":[],"iscrowd":0},{"id":90,"image_id":89,"category_id":1,"bbox":[201,182,18,21],"area":378,"segmentation":[],"iscrowd":0},{"id":91,"image_id":90,"category_id":1,"bbox":[210,188,20,22],"area":440,"segmentation":[],"iscrowd":0},{"id":92,"image_id":91,"category_id":1,"bbox":[160,157,16,18],"area":288,"segmentation":[],"iscrowd":0},{"id":93,"image_id":92,"category_id":1,"bbox":[172,216,18,18],"area":324,"segmentation":[],"iscrowd":0},{"id":94,"image_id":93,"category_id":1,"bbox":[208,192,20,24],"area":480,"segmentation":[],"iscrowd":0},{"id":95,"image_id":94,"category_id":1,"bbox":[242,113,40,28],"area":1120,"segmentation":[],"iscrowd":0},{"id":96,"image_id":95,"category_id":1,"bbox":[204,161,25,24],"area":600,"segmentation":[],"iscrowd":0},{"id":97,"image_id":96,"category_id":1,"bbox":[178,116,46,50],"area":2300,"segmentation":[],"iscrowd":0},{"id":98,"image_id":96,"category_id":1,"bbox":[215,205,32,34],"area":1088,"segmentation":[],"iscrowd":0},{"id":99,"image_id":97,"category_id":1,"bbox":[174,115,17,14],"area":238,"segmentation":[],"iscrowd":0},{"id":100,"image_id":98,"category_id":1,"bbox":[102,165,10,16],"area":160,"segmentation":[],"iscrowd":0},{"id":101,"image_id":99,"category_id":1,"bbox":[269,119,34,53],"area":1802,"segmentation":[],"iscrowd":0},{"id":102,"image_id":100,"category_id":1,"bbox":[241,122,19,18],"area":342,"segmentation":[],"iscrowd":0},{"id":103,"image_id":101,"category_id":1,"bbox":[128,118,37,31],"area":1147,"segmentation":[],"iscrowd":0},{"id":104,"image_id":102,"category_id":1,"bbox":[306,155,18,30],"area":540,"segmentation":[],"iscrowd":0},{"id":105,"image_id":103,"category_id":1,"bbox":[269,143,10,12],"area":120,"segmentation":[],"iscrowd":0},{"id":106,"image_id":104,"category_id":1,"bbox":[163,297,30,34],"area":1020,"segmentation":[],"iscrowd":0},{"id":107,"image_id":105,"category_id":1,"bbox":[306,298,19,16],"area":304,"segmentation":[],"iscrowd":0},{"id":108,"image_id":106,"category_id":1,"bbox":[86,270,37,24],"area":888,"segmentation":[],"iscrowd":0},{"id":109,"image_id":107,"category_id":1,"bbox":[128,290,17,14],"area":238,"segmentation":[],"iscrowd":0},{"id":110,"image_id":108,"category_id":1,"bbox":[188,187,22,20],"area":440,"segmentation":[],"iscrowd":0},{"id":111,"image_id":109,"category_id":1,"bbox":[181,101,11,8],"area":88,"segmentation":[],"iscrowd":0},{"id":112,"image_id":110,"category_id":1,"bbox":[167,171,18,12],"area":216,"segmentation":[],"iscrowd":0},{"id":113,"image_id":111,"category_id":1,"bbox":[127,291,12,15],"area":180,"segmentation":[],"iscrowd":0},{"id":114,"image_id":112,"category_id":1,"bbox":[299,172,16,14],"area":224,"segmentation":[],"iscrowd":0},{"id":115,"image_id":113,"category_id":1,"bbox":[88,253,10,18],"area":180,"segmentation":[],"iscrowd":0},{"id":116,"image_id":114,"category_id":1,"bbox":[187,205,18,14],"area":252,"segmentation":[],"iscrowd":0},{"id":117,"image_id":115,"category_id":1,"bbox":[197,214,18,21],"area":378,"segmentation":[],"iscrowd":0},{"id":118,"image_id":116,"category_id":1,"bbox":[78,173,24,25],"area":600,"segmentation":[],"iscrowd":0},{"id":119,"image_id":117,"category_id":1,"bbox":[177,90,24,18],"area":432,"segmentation":[],"iscrowd":0},{"id":120,"image_id":118,"category_id":1,"bbox":[206,269,19,16],"area":304,"segmentation":[],"iscrowd":0},{"id":121,"image_id":119,"category_id":1,"bbox":[267,247,24,18],"area":432,"segmentation":[],"iscrowd":0},{"id":122,"image_id":120,"category_id":1,"bbox":[88,147,12,12],"area":144,"segmentation":[],"iscrowd":0},{"id":123,"image_id":121,"category_id":1,"bbox":[205,168,26,24],"area":624,"segmentation":[],"iscrowd":0},{"id":124,"image_id":122,"category_id":1,"bbox":[161,158,46,38],"area":1748,"segmentation":[],"iscrowd":0},{"id":125,"image_id":123,"category_id":1,"bbox":[235,278,20,22],"area":440,"segmentation":[],"iscrowd":0},{"id":126,"image_id":124,"category_id":1,"bbox":[128,79,61,72],"area":4392,"segmentation":[],"iscrowd":0},{"id":127,"image_id":125,"category_id":1,"bbox":[270,123,36,42],"area":1512,"segmentation":[],"iscrowd":0},{"id":128,"image_id":126,"category_id":1,"bbox":[222,86,12,13],"area":156,"segmentation":[],"iscrowd":0},{"id":129,"image_id":127,"category_id":1,"bbox":[237,51,20,15],"area":300,"segmentation":[],"iscrowd":0},{"id":130,"image_id":128,"category_id":1,"bbox":[162,163,29,20],"area":580,"segmentation":[],"iscrowd":0},{"id":131,"image_id":129,"category_id":1,"bbox":[69,220,16,14],"area":224,"segmentation":[],"iscrowd":0},{"id":132,"image_id":130,"category_id":1,"bbox":[89,264,16,18],"area":288,"segmentation":[],"iscrowd":0},{"id":133,"image_id":131,"category_id":1,"bbox":[278,268,26,28],"area":728,"segmentation":[],"iscrowd":0},{"id":134,"image_id":132,"category_id":1,"bbox":[196,341,17,12],"area":204,"segmentation":[],"iscrowd":0},{"id":135,"image_id":133,"category_id":1,"bbox":[228,265,61,72],"area":4392,"segmentation":[],"iscrowd":0},{"id":136,"image_id":134,"category_id":1,"bbox":[126,229,16,16],"area":256,"segmentation":[],"iscrowd":0},{"id":137,"image_id":135,"category_id":1,"bbox":[261,108,44,26],"area":1144,"segmentation":[],"iscrowd":0},{"id":138,"image_id":136,"category_id":1,"bbox":[238,254,18,17],"area":306,"segmentation":[],"iscrowd":0},{"id":139,"image_id":137,"category_id":1,"bbox":[157,118,38,28],"area":1064,"segmentation":[],"iscrowd":0},{"id":140,"image_id":138,"category_id":1,"bbox":[253,210,18,18],"area":324,"segmentation":[],"iscrowd":0},{"id":141,"image_id":139,"category_id":1,"bbox":[157,241,18,16],"area":288,"segmentation":[],"iscrowd":0},{"id":142,"image_id":140,"category_id":1,"bbox":[241,241,16,18],"area":288,"segmentation":[],"iscrowd":0},{"id":143,"image_id":141,"category_id":1,"bbox":[129,282,19,16],"area":304,"segmentation":[],"iscrowd":0},{"id":144,"image_id":142,"category_id":1,"bbox":[233,302,36,37],"area":1332,"segmentation":[],"iscrowd":0},{"id":145,"image_id":143,"category_id":1,"bbox":[243,278,26,20],"area":520,"segmentation":[],"iscrowd":0},{"id":146,"image_id":144,"category_id":1,"bbox":[233,91,17,36],"area":612,"segmentation":[],"iscrowd":0},{"id":147,"image_id":145,"category_id":1,"bbox":[112,283,44,26],"area":1144,"segmentation":[],"iscrowd":0},{"id":148,"image_id":146,"category_id":1,"bbox":[179,170,26,14],"area":364,"segmentation":[],"iscrowd":0},{"id":149,"image_id":147,"category_id":1,"bbox":[278,172,10,11],"area":110,"segmentation":[],"iscrowd":0},{"id":150,"image_id":148,"category_id":1,"bbox":[151,295,10,11],"area":110,"segmentation":[],"iscrowd":0},{"id":151,"image_id":149,"category_id":1,"bbox":[341,203,12,17],"area":204,"segmentation":[],"iscrowd":0},{"id":152,"image_id":150,"category_id":1,"bbox":[176,104,16,12],"area":192,"segmentation":[],"iscrowd":0},{"id":153,"image_id":151,"category_id":1,"bbox":[144,156,23,18],"area":414,"segmentation":[],"iscrowd":0},{"id":154,"image_id":152,"category_id":1,"bbox":[295,255,11,10],"area":110,"segmentation":[],"iscrowd":0},{"id":155,"image_id":153,"category_id":1,"bbox":[229,254,16,18],"area":288,"segmentation":[],"iscrowd":0},{"id":156,"image_id":154,"category_id":1,"bbox":[104,323,26,19],"area":494,"segmentation":[],"iscrowd":0},{"id":157,"image_id":155,"category_id":1,"bbox":[95,278,15,17],"area":255,"segmentation":[],"iscrowd":0},{"id":158,"image_id":156,"category_id":1,"bbox":[122,279,16,14],"area":224,"segmentation":[],"iscrowd":0},{"id":159,"image_id":157,"category_id":1,"bbox":[247,218,37,22],"area":814,"segmentation":[],"iscrowd":0},{"id":160,"image_id":158,"category_id":1,"bbox":[203,64,17,12],"area":204,"segmentation":[],"iscrowd":0},{"id":161,"image_id":159,"category_id":1,"bbox":[323,287,19,26],"area":494,"segmentation":[],"iscrowd":0},{"id":162,"image_id":160,"category_id":1,"bbox":[191,330,20,26],"area":520,"segmentation":[],"iscrowd":0},{"id":163,"image_id":161,"category_id":1,"bbox":[159,184,22,22],"area":484,"segmentation":[],"iscrowd":0},{"id":164,"image_id":162,"category_id":1,"bbox":[126,152,24,18],"area":432,"segmentation":[],"iscrowd":0},{"id":165,"image_id":163,"category_id":1,"bbox":[268,286,27,28],"area":756,"segmentation":[],"iscrowd":0},{"id":166,"image_id":164,"category_id":1,"bbox":[298,144,22,21],"area":462,"segmentation":[],"iscrowd":0},{"id":167,"image_id":165,"category_id":1,"bbox":[90,136,62,46],"area":2852,"segmentation":[],"iscrowd":0},{"id":168,"image_id":166,"category_id":1,"bbox":[268,238,24,21],"area":504,"segmentation":[],"iscrowd":0},{"id":169,"image_id":167,"category_id":1,"bbox":[358,165,56,57],"area":3192,"segmentation":[],"iscrowd":0},{"id":170,"image_id":168,"category_id":1,"bbox":[159,248,35,26],"area":910,"segmentation":[],"iscrowd":0},{"id":171,"image_id":169,"category_id":1,"bbox":[197,244,14,15],"area":210,"segmentation":[],"iscrowd":0},{"id":172,"image_id":170,"category_id":1,"bbox":[239,266,15,17],"area":255,"segmentation":[],"iscrowd":0},{"id":173,"image_id":170,"category_id":1,"bbox":[229,278,20,17],"area":340,"segmentation":[],"iscrowd":0},{"id":174,"image_id":171,"category_id":1,"bbox":[262,290,17,20],"area":340,"segmentation":[],"iscrowd":0},{"id":175,"image_id":172,"category_id":1,"bbox":[291,277,15,12],"area":180,"segmentation":[],"iscrowd":0},{"id":176,"image_id":173,"category_id":1,"bbox":[159,351,20,15],"area":300,"segmentation":[],"iscrowd":0},{"id":177,"image_id":174,"category_id":1,"bbox":[245,319,15,10],"area":150,"segmentation":[],"iscrowd":0},{"id":178,"image_id":175,"category_id":1,"bbox":[155,269,14,12],"area":168,"segmentation":[],"iscrowd":0},{"id":179,"image_id":176,"category_id":1,"bbox":[158,210,38,46],"area":1748,"segmentation":[],"iscrowd":0},{"id":180,"image_id":177,"category_id":1,"bbox":[168,169,22,20],"area":440,"segmentation":[],"iscrowd":0},{"id":181,"image_id":178,"category_id":1,"bbox":[171,286,18,19],"area":342,"segmentation":[],"iscrowd":0},{"id":182,"image_id":179,"category_id":1,"bbox":[289,264,19,29],"area":551,"segmentation":[],"iscrowd":0},{"id":183,"image_id":180,"category_id":1,"bbox":[252,161,13,15],"area":195,"segmentation":[],"iscrowd":0},{"id":184,"image_id":181,"category_id":1,"bbox":[302,221,12,16],"area":192,"segmentation":[],"iscrowd":0},{"id":185,"image_id":182,"category_id":1,"bbox":[234,162,20,29],"area":580,"segmentation":[],"iscrowd":0},{"id":186,"image_id":183,"category_id":1,"bbox":[210,193,28,22],"area":616,"segmentation":[],"iscrowd":0},{"id":187,"image_id":184,"category_id":1,"bbox":[222,331,14,15],"area":210,"segmentation":[],"iscrowd":0},{"id":188,"image_id":185,"category_id":1,"bbox":[171,231,12,18],"area":216,"segmentation":[],"iscrowd":0},{"id":189,"image_id":186,"category_id":1,"bbox":[254,221,19,18],"area":342,"segmentation":[],"iscrowd":0},{"id":190,"image_id":187,"category_id":1,"bbox":[235,197,21,26],"area":546,"segmentation":[],"iscrowd":0},{"id":191,"image_id":188,"category_id":1,"bbox":[109,123,19,29],"area":551,"segmentation":[],"iscrowd":0},{"id":192,"image_id":189,"category_id":1,"bbox":[170,240,32,41],"area":1312,"segmentation":[],"iscrowd":0},{"id":193,"image_id":190,"category_id":1,"bbox":[234,90,46,62],"area":2852,"segmentation":[],"iscrowd":0},{"id":194,"image_id":191,"category_id":1,"bbox":[212,201,24,25],"area":600,"segmentation":[],"iscrowd":0},{"id":195,"image_id":192,"category_id":1,"bbox":[275,242,28,40],"area":1120,"segmentation":[],"iscrowd":0},{"id":196,"image_id":193,"category_id":1,"bbox":[194,278,16,19],"area":304,"segmentation":[],"iscrowd":0},{"id":197,"image_id":194,"category_id":1,"bbox":[254,171,18,16],"area":288,"segmentation":[],"iscrowd":0},{"id":198,"image_id":195,"category_id":1,"bbox":[168,129,18,12],"area":216,"segmentation":[],"iscrowd":0},{"id":199,"image_id":196,"category_id":1,"bbox":[285,170,24,21],"area":504,"segmentation":[],"iscrowd":0},{"id":200,"image_id":197,"category_id":1,"bbox":[116,236,23,21],"area":483,"segmentation":[],"iscrowd":0},{"id":201,"image_id":198,"category_id":1,"bbox":[226,271,16,12],"area":192,"segmentation":[],"iscrowd":0},{"id":202,"image_id":199,"category_id":1,"bbox":[252,89,15,18],"area":270,"segmentation":[],"iscrowd":0},{"id":203,"image_id":200,"category_id":1,"bbox":[152,158,18,19],"area":342,"segmentation":[],"iscrowd":0},{"id":204,"image_id":201,"category_id":1,"bbox":[125,158,24,21],"area":504,"segmentation":[],"iscrowd":0},{"id":205,"image_id":202,"category_id":1,"bbox":[71,222,15,14],"area":210,"segmentation":[],"iscrowd":0},{"id":206,"image_id":203,"category_id":1,"bbox":[183,114,14,16],"area":224,"segmentation":[],"iscrowd":0},{"id":207,"image_id":204,"category_id":1,"bbox":[195,147,29,34],"area":986,"segmentation":[],"iscrowd":0},{"id":208,"image_id":205,"category_id":1,"bbox":[282,268,16,19],"area":304,"segmentation":[],"iscrowd":0},{"id":209,"image_id":206,"category_id":1,"bbox":[290,272,14,17],"area":238,"segmentation":[],"iscrowd":0},{"id":210,"image_id":207,"category_id":1,"bbox":[88,245,10,15],"area":150,"segmentation":[],"iscrowd":0},{"id":211,"image_id":208,"category_id":1,"bbox":[184,142,16,18],"area":288,"segmentation":[],"iscrowd":0},{"id":212,"image_id":209,"category_id":1,"bbox":[123,289,29,19],"area":551,"segmentation":[],"iscrowd":0},{"id":213,"image_id":210,"category_id":1,"bbox":[131,206,16,19],"area":304,"segmentation":[],"iscrowd":0},{"id":214,"image_id":211,"category_id":1,"bbox":[122,86,24,37],"area":888,"segmentation":[],"iscrowd":0},{"id":215,"image_id":212,"category_id":1,"bbox":[97,252,22,21],"area":462,"segmentation":[],"iscrowd":0},{"id":216,"image_id":213,"category_id":1,"bbox":[123,145,16,14],"area":224,"segmentation":[],"iscrowd":0},{"id":217,"image_id":214,"category_id":1,"bbox":[78,298,46,40],"area":1840,"segmentation":[],"iscrowd":0},{"id":218,"image_id":215,"category_id":1,"bbox":[179,202,28,22],"area":616,"segmentation":[],"iscrowd":0},{"id":219,"image_id":216,"category_id":1,"bbox":[166,163,19,14],"area":266,"segmentation":[],"iscrowd":0},{"id":220,"image_id":217,"category_id":1,"bbox":[165,304,16,10],"area":160,"segmentation":[],"iscrowd":0},{"id":221,"image_id":218,"category_id":1,"bbox":[155,63,29,27],"area":783,"segmentation":[],"iscrowd":0},{"id":222,"image_id":219,"category_id":1,"bbox":[142,216,18,16],"area":288,"segmentation":[],"iscrowd":0},{"id":223,"image_id":220,"category_id":1,"bbox":[297,224,34,30],"area":1020,"segmentation":[],"iscrowd":0},{"id":224,"image_id":221,"category_id":1,"bbox":[190,284,14,12],"area":168,"segmentation":[],"iscrowd":0},{"id":225,"image_id":222,"category_id":1,"bbox":[260,211,20,22],"area":440,"segmentation":[],"iscrowd":0},{"id":226,"image_id":223,"category_id":1,"bbox":[114,219,16,14],"area":224,"segmentation":[],"iscrowd":0},{"id":227,"image_id":224,"category_id":1,"bbox":[186,225,26,24],"area":624,"segmentation":[],"iscrowd":0},{"id":228,"image_id":225,"category_id":1,"bbox":[219,78,25,24],"area":600,"segmentation":[],"iscrowd":0},{"id":229,"image_id":226,"category_id":1,"bbox":[88,192,26,38],"area":988,"segmentation":[],"iscrowd":0},{"id":230,"image_id":227,"category_id":1,"bbox":[249,149,36,25],"area":900,"segmentation":[],"iscrowd":0},{"id":231,"image_id":228,"category_id":1,"bbox":[145,277,14,16],"area":224,"segmentation":[],"iscrowd":0},{"id":232,"image_id":229,"category_id":1,"bbox":[158,109,14,18],"area":252,"segmentation":[],"iscrowd":0},{"id":233,"image_id":230,"category_id":1,"bbox":[156,249,18,23],"area":414,"segmentation":[],"iscrowd":0},{"id":234,"image_id":231,"category_id":1,"bbox":[104,143,20,19],"area":380,"segmentation":[],"iscrowd":0},{"id":235,"image_id":232,"category_id":1,"bbox":[57,240,19,15],"area":285,"segmentation":[],"iscrowd":0},{"id":236,"image_id":233,"category_id":1,"bbox":[327,155,27,29],"area":783,"segmentation":[],"iscrowd":0},{"id":237,"image_id":234,"category_id":1,"bbox":[149,172,20,23],"area":460,"segmentation":[],"iscrowd":0},{"id":238,"image_id":235,"category_id":1,"bbox":[136,274,18,14],"area":252,"segmentation":[],"iscrowd":0},{"id":239,"image_id":236,"category_id":1,"bbox":[143,293,19,20],"area":380,"segmentation":[],"iscrowd":0},{"id":240,"image_id":237,"category_id":1,"bbox":[179,302,16,12],"area":192,"segmentation":[],"iscrowd":0},{"id":241,"image_id":238,"category_id":1,"bbox":[236,278,21,23],"area":483,"segmentation":[],"iscrowd":0},{"id":242,"image_id":239,"category_id":1,"bbox":[216,227,18,18],"area":324,"segmentation":[],"iscrowd":0},{"id":243,"image_id":240,"category_id":1,"bbox":[185,273,21,20],"area":420,"segmentation":[],"iscrowd":0},{"id":244,"image_id":241,"category_id":1,"bbox":[151,240,13,15],"area":195,"segmentation":[],"iscrowd":0},{"id":245,"image_id":242,"category_id":1,"bbox":[97,247,12,12],"area":144,"segmentation":[],"iscrowd":0},{"id":246,"image_id":243,"category_id":1,"bbox":[232,306,30,18],"area":540,"segmentation":[],"iscrowd":0},{"id":247,"image_id":244,"category_id":1,"bbox":[197,161,26,21],"area":546,"segmentation":[],"iscrowd":0},{"id":248,"image_id":245,"category_id":1,"bbox":[147,317,12,12],"area":144,"segmentation":[],"iscrowd":0},{"id":249,"image_id":246,"category_id":1,"bbox":[215,135,32,41],"area":1312,"segmentation":[],"iscrowd":0},{"id":250,"image_id":247,"category_id":1,"bbox":[249,243,23,18],"area":414,"segmentation":[],"iscrowd":0},{"id":251,"image_id":248,"category_id":1,"bbox":[149,310,15,18],"area":270,"segmentation":[],"iscrowd":0},{"id":252,"image_id":249,"category_id":1,"bbox":[225,288,17,14],"area":238,"segmentation":[],"iscrowd":0},{"id":253,"image_id":250,"category_id":1,"bbox":[194,87,16,15],"area":240,"segmentation":[],"iscrowd":0},{"id":254,"image_id":251,"category_id":1,"bbox":[168,210,30,22],"area":660,"segmentation":[],"iscrowd":0},{"id":255,"image_id":252,"category_id":1,"bbox":[170,102,40,33],"area":1320,"segmentation":[],"iscrowd":0},{"id":256,"image_id":253,"category_id":1,"bbox":[163,232,14,19],"area":266,"segmentation":[],"iscrowd":0},{"id":257,"image_id":254,"category_id":1,"bbox":[112,128,14,17],"area":238,"segmentation":[],"iscrowd":0},{"id":258,"image_id":255,"category_id":1,"bbox":[184,156,24,27],"area":648,"segmentation":[],"iscrowd":0},{"id":259,"image_id":256,"category_id":1,"bbox":[205,60,20,26],"area":520,"segmentation":[],"iscrowd":0},{"id":260,"image_id":257,"category_id":1,"bbox":[268,226,20,19],"area":380,"segmentation":[],"iscrowd":0},{"id":261,"image_id":258,"category_id":1,"bbox":[171,268,19,20],"area":380,"segmentation":[],"iscrowd":0},{"id":262,"image_id":259,"category_id":1,"bbox":[206,314,16,15],"area":240,"segmentation":[],"iscrowd":0},{"id":263,"image_id":260,"category_id":1,"bbox":[270,157,28,38],"area":1064,"segmentation":[],"iscrowd":0},{"id":264,"image_id":261,"category_id":1,"bbox":[121,102,27,28],"area":756,"segmentation":[],"iscrowd":0},{"id":265,"image_id":262,"category_id":1,"bbox":[124,161,20,15],"area":300,"segmentation":[],"iscrowd":0},{"id":266,"image_id":263,"category_id":1,"bbox":[242,285,26,26],"area":676,"segmentation":[],"iscrowd":0},{"id":267,"image_id":264,"category_id":1,"bbox":[227,227,22,20],"area":440,"segmentation":[],"iscrowd":0},{"id":268,"image_id":265,"category_id":1,"bbox":[86,183,13,12],"area":156,"segmentation":[],"iscrowd":0},{"id":269,"image_id":266,"category_id":1,"bbox":[206,281,40,33],"area":1320,"segmentation":[],"iscrowd":0},{"id":270,"image_id":267,"category_id":1,"bbox":[279,162,14,22],"area":308,"segmentation":[],"iscrowd":0},{"id":271,"image_id":268,"category_id":1,"bbox":[129,231,12,18],"area":216,"segmentation":[],"iscrowd":0},{"id":272,"image_id":269,"category_id":1,"bbox":[233,184,27,24],"area":648,"segmentation":[],"iscrowd":0},{"id":273,"image_id":270,"category_id":1,"bbox":[121,278,28,26],"area":728,"segmentation":[],"iscrowd":0},{"id":274,"image_id":271,"category_id":1,"bbox":[198,166,16,19],"area":304,"segmentation":[],"iscrowd":0},{"id":275,"image_id":272,"category_id":1,"bbox":[165,2,57,56],"area":3192,"segmentation":[],"iscrowd":0},{"id":276,"image_id":273,"category_id":1,"bbox":[137,106,17,20],"area":340,"segmentation":[],"iscrowd":0},{"id":277,"image_id":274,"category_id":1,"bbox":[160,249,16,24],"area":384,"segmentation":[],"iscrowd":0},{"id":278,"image_id":275,"category_id":1,"bbox":[146,188,18,18],"area":324,"segmentation":[],"iscrowd":0},{"id":279,"image_id":276,"category_id":1,"bbox":[134,239,17,15],"area":255,"segmentation":[],"iscrowd":0},{"id":280,"image_id":276,"category_id":1,"bbox":[121,229,17,20],"area":340,"segmentation":[],"iscrowd":0},{"id":281,"image_id":277,"category_id":1,"bbox":[122,134,19,16],"area":304,"segmentation":[],"iscrowd":0},{"id":282,"image_id":278,"category_id":1,"bbox":[275,267,19,16],"area":304,"segmentation":[],"iscrowd":0},{"id":283,"image_id":279,"category_id":1,"bbox":[181,191,24,25],"area":600,"segmentation":[],"iscrowd":0},{"id":284,"image_id":280,"category_id":1,"bbox":[290,233,36,17],"area":612,"segmentation":[],"iscrowd":0},{"id":285,"image_id":281,"category_id":1,"bbox":[229,274,16,16],"area":256,"segmentation":[],"iscrowd":0},{"id":286,"image_id":282,"category_id":1,"bbox":[229,84,17,22],"area":374,"segmentation":[],"iscrowd":0},{"id":287,"image_id":283,"category_id":1,"bbox":[185,123,21,26],"area":546,"segmentation":[],"iscrowd":0}]}